timestamp_utc,total_jobs,full_time,part_time
2026-07-09T09:26:40.539673+00:00,724,497,183
2026-07-09T09:29:57.291693+00:00,724,497,183
2026-07-09T09:46:15.552312+00:00,724,497,183
2026-07-09T10:34:50.182276+00:00,725,498,183,0
2026-07-09T12:24:37.260325+00:00,721,495,184,0
2026-07-09T15:51:12.395139+00:00,743,511,187,0
2026-07-09T17:46:09.875512+00:00,738,504,191,0
2026-07-09T19:18:54.826009+00:00,738,504,191,0
2026-07-09T21:09:43.688134+00:00,738,504,191,0
2026-07-09T23:01:17.835108+00:00,738,504,191,0
2026-07-10T01:45:53.838012+00:00,738,504,191,0
2026-07-10T05:52:10.314240+00:00,738,504,191,0
2026-07-10T08:58:03.910513+00:00,722,494,187,0
2026-07-10T11:47:29.595031+00:00,742,501,196,0
2026-07-10T13:53:36.755067+00:00,754,507,200,0
2026-07-10T16:12:39.966669+00:00,746,504,195,0
2026-07-10T18:15:58.154905+00:00,739,497,195,0
2026-07-10T20:11:58.709169+00:00,739,497,195,0
2026-07-10T21:50:10.289187+00:00,739,497,195,0
2026-07-10T22:48:32.999458+00:00,739,497,195,0
2026-07-10T23:45:55.886388+00:00,739,497,195,0
2026-07-11T01:25:07.962398+00:00,739,497,195,0
2026-07-11T04:52:07.673899+00:00,739,497,195,0
2026-07-11T07:04:26.370100+00:00,739,497,195,0
2026-07-11T09:14:59.987483+00:00,751,502,202,0
2026-07-11T10:52:41.329824+00:00,750,501,202,0
2026-07-11T11:42:28.372427+00:00,754,502,205,0
2026-07-11T12:50:28.847280+00:00,753,501,205,0
2026-07-11T14:17:07.040126+00:00,748,499,202,0
2026-07-11T15:43:04.793914+00:00,748,500,201,0
2026-07-11T16:41:16.979552+00:00,747,500,200,0
2026-07-11T17:44:38.935872+00:00,744,497,200,0
2026-07-11T18:42:29.830437+00:00,744,497,200,0
2026-07-11T19:57:58.565524+00:00,744,497,200,0
2026-07-11T20:42:33.483587+00:00,744,497,200,0
2026-07-11T21:38:19.516413+00:00,744,497,200,0
2026-07-11T22:35:52.699996+00:00,744,497,200,0
2026-07-11T23:41:58.187653+00:00,744,497,200,0
2026-07-12T01:26:52.330358+00:00,744,497,200,0
2026-07-12T05:14:45.163473+00:00,744,497,200,0
2026-07-12T07:56:07.984159+00:00,744,497,200,0
2026-07-12T09:43:37.941086+00:00,736,495,197,0
2026-07-12T11:03:17.390099+00:00,738,496,198,0
2026-07-12T12:52:17.619815+00:00,744,500,200,0
2026-07-12T14:21:56.565579+00:00,741,497,199,0
2026-07-12T15:47:50.397225+00:00,756,496,211,0
2026-07-12T16:43:15.355801+00:00,754,494,211,0
2026-07-12T17:49:08.516970+00:00,752,493,210,0
2026-07-12T18:46:15.556844+00:00,752,493,210,0
2026-07-12T20:00:11.409781+00:00,752,493,210,0
2026-07-12T20:52:08.651225+00:00,752,493,210,0
2026-07-12T21:38:11.838781+00:00,752,493,210,0
2026-07-12T22:36:45.394120+00:00,752,493,210,0
2026-07-12T23:41:26.059995+00:00,752,493,210,0
2026-07-13T01:28:28.543934+00:00,752,493,210,0
2026-07-13T05:23:33.481763+00:00,752,493,210,0
2026-07-13T08:44:03.461417+00:00,738,477,214,0
2026-07-13T11:49:19.762181+00:00,763,492,219,0
2026-07-13T13:59:45.501566+00:00,785,499,233,0
2026-07-13T16:34:25.348521+00:00,786,502,230,0
2026-07-13T18:25:39.434675+00:00,798,510,236,0
2026-07-13T20:06:50.838641+00:00,798,510,236,0
2026-07-13T21:42:57.176358+00:00,798,510,236,0
2026-07-13T22:43:05.817159+00:00,798,510,236,0
2026-07-13T23:41:55.682642+00:00,798,510,236,0
2026-07-14T01:17:28.204817+00:00,798,510,236,0
2026-07-14T04:39:00.085344+00:00,798,510,236,0
2026-07-14T07:02:07.789558+00:00,798,510,236,0
2026-07-14T09:44:23.739967+00:00,791,513,226,0
2026-07-14T11:16:08.594350+00:00,787,509,228,0
2026-07-14T13:02:49.672279+00:00,800,514,233,0
2026-07-14T15:15:03.177376+00:00,800,510,237,0
2026-07-14T17:00:34.441993+00:00,799,510,235,0
2026-07-14T18:59:16.901540+00:00,801,515,231,0
2026-07-14T20:10:56.967549+00:00,801,515,231,0
2026-07-14T21:45:07.743165+00:00,801,515,231,0
2026-07-14T22:45:02.829452+00:00,801,515,231,0
2026-07-14T23:40:53.993510+00:00,801,515,231,0
2026-07-15T01:14:24.494065+00:00,801,515,231,0
2026-07-15T04:38:49.092560+00:00,801,515,231,0
2026-07-15T07:05:05.183116+00:00,801,515,231,0
2026-07-15T08:10:13.696524+00:00,779,501,224,0
2026-07-15T09:48:01.095606+00:00,781,503,224,0
2026-07-15T11:19:40.732258+00:00,785,505,223,0
2026-07-15T13:06:43.570861+00:00,779,500,223,0
2026-07-15T15:16:30.456556+00:00,771,496,219,0
2026-07-15T17:03:05.265369+00:00,768,495,218,0
2026-07-15T18:52:50.793478+00:00,768,495,218,0
2026-07-15T20:00:38.984402+00:00,768,495,218,0
2026-07-15T21:45:30.165525+00:00,768,495,218,0
2026-07-15T22:46:11.822801+00:00,768,495,218,0
2026-07-15T23:47:58.796896+00:00,768,495,218,0
2026-07-16T01:23:50.646167+00:00,768,495,218,0
2026-07-16T04:49:05.895272+00:00,768,495,218,0
2026-07-16T07:14:03.433951+00:00,768,495,218,0
2026-07-16T09:54:21.103582+00:00,772,497,219,0
2026-07-16T11:25:22.269893+00:00,778,498,225,0
2026-07-16T13:15:19.401692+00:00,782,500,227,0
2026-07-16T15:24:19.054443+00:00,780,498,227,0
2026-07-16T17:00:56.102711+00:00,773,492,225,0
2026-07-16T18:53:24.632940+00:00,773,492,225,0
2026-07-16T19:55:00.459385+00:00,773,492,225,0
2026-07-16T20:43:21.884460+00:00,773,492,225,0
2026-07-16T21:54:20.153725+00:00,773,492,225,0
2026-07-16T22:46:32.831616+00:00,773,492,225,0
2026-07-16T23:47:06.775896+00:00,773,492,225,0
2026-07-17T01:27:06.978370+00:00,773,492,225,0
2026-07-17T04:52:08.910018+00:00,773,492,225,0
2026-07-17T07:08:59.387261+00:00,773,492,225,0
2026-07-17T09:44:50.657044+00:00,759,484,221,0
2026-07-17T11:13:03.593688+00:00,760,487,218,0
2026-07-17T13:00:13.936976+00:00,765,491,219,0
2026-07-17T14:44:50.543334+00:00,769,492,219,0
2026-07-17T16:06:55.872352+00:00,775,499,218,0
2026-07-17T17:56:41.156177+00:00,771,498,215,0
2026-07-17T18:55:50.275976+00:00,771,498,215,0
2026-07-17T19:58:22.033216+00:00,771,498,215,0
2026-07-17T20:51:23.435580+00:00,771,498,215,0
2026-07-17T21:40:25.181301+00:00,771,498,215,0
2026-07-17T22:37:32.898427+00:00,771,498,215,0
2026-07-17T23:41:10.304065+00:00,771,498,215,0
2026-07-18T01:18:31.438521+00:00,771,498,215,0
2026-07-18T04:37:20.224852+00:00,771,498,215,0
2026-07-18T06:51:59.973997+00:00,771,498,215,0
2026-07-18T08:31:33.589285+00:00,738,484,197,0
2026-07-18T10:08:04.876484+00:00,740,483,200,0
2026-07-18T11:43:16.839456+00:00,738,481,200,0
2026-07-18T12:45:40.955514+00:00,739,479,202,0
2026-07-18T14:14:30.435554+00:00,737,478,201,0
2026-07-18T15:43:02.085846+00:00,741,479,203,0
2026-07-18T16:42:26.383571+00:00,743,477,205,0
2026-07-18T17:45:13.936278+00:00,748,478,207,0
2026-07-18T18:43:22.226465+00:00,748,478,207,0
2026-07-18T19:57:59.325469+00:00,748,478,207,0
2026-07-18T20:41:36.167685+00:00,748,478,207,0
2026-07-18T21:39:05.735124+00:00,748,478,207,0
2026-07-18T22:36:54.658554+00:00,748,478,207,0
2026-07-18T23:41:17.360275+00:00,748,478,207,0
2026-07-19T01:25:19.404147+00:00,748,478,207,0
2026-07-19T04:59:13.352325+00:00,748,478,207,0
2026-07-19T07:26:22.333387+00:00,748,478,207,0
2026-07-19T09:42:41.989189+00:00,754,481,211,0
2026-07-19T11:02:45.614305+00:00,754,483,209,0
2026-07-19T12:48:19.618960+00:00,756,484,210,0
2026-07-19T14:18:46.697086+00:00,751,482,208,0
2026-07-19T15:44:07.536129+00:00,747,478,208,0
2026-07-19T16:42:26.283076+00:00,747,478,208,0
2026-07-19T17:46:49.227386+00:00,745,476,208,0
2026-07-19T18:46:28.295086+00:00,745,476,208,0
2026-07-19T20:00:54.190266+00:00,745,476,208,0
2026-07-19T21:40:09.034341+00:00,745,476,208,0
2026-07-19T22:39:57.195291+00:00,745,476,208,0
2026-07-19T23:44:56.848470+00:00,745,476,208,0
2026-07-20T01:30:11.291918+00:00,745,476,208,0
2026-07-20T05:28:17.337615+00:00,745,476,208,0
2026-07-20T08:35:50.257867+00:00,726,464,203,0
2026-07-20T11:34:13.844973+00:00,756,467,219,0
2026-07-20T13:45:04.334482+00:00,770,467,230,0
2026-07-20T15:43:33.147889+00:00,795,476,247,0
2026-07-20T17:16:20.749204+00:00,798,475,251,0
2026-07-20T19:22:44.487210+00:00,798,475,251,0
2026-07-20T20:59:19.394701+00:00,798,475,251,0
2026-07-20T21:59:13.562448+00:00,798,475,251,0
2026-07-20T22:59:44.359155+00:00,798,475,251,0
2026-07-20T23:56:20.871181+00:00,798,475,251,0
2026-07-21T01:50:27.125060+00:00,798,475,251,0
2026-07-21T04:57:02.049106+00:00,798,475,251,0
2026-07-21T07:29:11.789215+00:00,798,475,251,0
2026-07-21T10:12:45.873070+00:00,777,470,235,0
2026-07-21T12:17:46.626404+00:00,778,471,234,0
2026-07-21T14:53:53.707099+00:00,782,474,234,0
2026-07-21T16:13:32.437777+00:00,799,482,242,0
2026-07-21T18:07:49.819138+00:00,789,478,238,0
2026-07-21T20:12:08.458323+00:00,789,478,238,0
2026-07-21T21:52:54.963037+00:00,789,478,238,0
2026-07-21T22:43:33.006335+00:00,789,478,238,0
2026-07-21T23:46:19.326215+00:00,789,478,238,0
2026-07-22T01:23:32.028389+00:00,789,478,238,0
2026-07-22T04:56:50.591164+00:00,789,478,238,0
2026-07-22T07:30:33.467191+00:00,789,478,238,0
2026-07-22T10:12:09.696943+00:00,762,466,225,0
2026-07-22T12:20:26.734872+00:00,763,464,227,0
2026-07-22T14:54:01.669641+00:00,754,458,226,0
2026-07-22T16:13:01.393917+00:00,757,463,223,0
2026-07-22T18:00:48.935866+00:00,762,462,228,0
2026-07-22T20:05:12.038062+00:00,762,462,228,0
2026-07-22T21:55:10.364559+00:00,762,462,228,0
2026-07-22T22:51:54.071884+00:00,762,462,228,0
2026-07-22T23:53:19.013292+00:00,762,462,228,0
2026-07-23T01:43:02.278831+00:00,762,462,228,0
2026-07-23T05:13:37.475000+00:00,762,462,228,0
2026-07-23T08:08:06.830050+00:00,742,445,227,0
2026-07-23T10:57:30.387250+00:00,739,445,224,0
2026-07-23T12:20:44.075686+00:00,759,461,227,0
2026-07-23T14:59:56.718072+00:00,766,468,228,0
2026-07-23T16:26:18.096649+00:00,766,467,229,0
2026-07-23T18:06:19.345010+00:00,769,470,228,0
2026-07-23T20:06:37.245941+00:00,769,470,228,0
2026-07-23T21:54:51.163413+00:00,769,470,228,0
2026-07-23T22:45:06.449564+00:00,769,470,228,0
2026-07-23T23:48:23.020167+00:00,769,470,228,0
2026-07-24T01:27:08.043962+00:00,769,470,228,0
2026-07-24T04:58:39.763739+00:00,769,470,228,0
2026-07-24T07:29:14.604943+00:00,769,470,228,0
2026-07-24T10:05:20.022025+00:00,741,456,215,0
2026-07-24T12:11:04.304077+00:00,741,459,213,0
2026-07-24T14:42:38.072817+00:00,739,457,213,0
2026-07-24T18:09:44.066636+00:00,738,451,219,0
2026-07-24T20:09:12.385687+00:00,738,451,219,0
2026-07-24T21:53:56.155464+00:00,738,451,219,0
2026-07-24T22:51:26.249935+00:00,738,451,219,0
2026-07-24T23:53:52.570872+00:00,738,451,219,0
2026-07-25T01:27:14.349568+00:00,738,451,219,0
2026-07-25T04:54:19.903712+00:00,738,451,219,0
2026-07-25T07:08:41.910021+00:00,738,451,219,0
2026-07-25T09:25:42.497471+00:00,730,451,211,0
2026-07-25T11:00:15.043839+00:00,735,456,211,0
2026-07-25T12:03:26.331475+00:00,737,456,213,0
2026-07-25T14:27:21.911412+00:00,743,462,213,0
2026-07-25T15:55:00.608839+00:00,746,465,213,0
2026-07-25T16:43:12.336408+00:00,748,464,215,0
2026-07-25T17:48:21.524613+00:00,752,466,217,0
2026-07-25T18:47:48.457827+00:00,752,466,217,0
2026-07-25T20:04:09.893599+00:00,752,466,217,0
2026-07-25T21:42:44.975127+00:00,752,466,217,0
2026-07-25T22:42:06.738100+00:00,752,466,217,0
2026-07-25T23:49:29.833167+00:00,752,466,217,0
2026-07-26T01:30:20.544130+00:00,752,466,217,0
2026-07-26T05:19:35.130115+00:00,752,466,217,0
2026-07-26T08:04:58.538958+00:00,729,456,202,0
2026-07-26T10:26:55.811991+00:00,738,461,206,0
2026-07-26T11:53:21.718262+00:00,740,462,207,0
2026-07-26T12:54:08.433439+00:00,748,467,210,0
2026-07-26T14:22:46.623590+00:00,741,461,207,1
2026-07-26T15:53:39.601339+00:00,745,463,208,1
2026-07-26T16:44:17.589011+00:00,753,468,211,1
2026-07-26T17:52:45.488301+00:00,748,465,211,1
2026-07-26T18:53:34.450558+00:00,748,465,211,1
2026-07-26T20:03:29.203511+00:00,748,465,211,1
2026-07-26T21:46:58.044906+00:00,748,465,211,1
2026-07-26T22:47:47.361516+00:00,748,465,211,1
2026-07-26T23:50:39.352651+00:00,748,465,211,1
2026-07-27T01:48:18.486984+00:00,748,465,211,1
2026-07-27T05:37:35.252944+00:00,748,465,211,1
2026-07-27T09:24:38.225509+00:00,736,457,210,1
2026-07-27T12:48:48.726054+00:00,768,462,225,10
2026-07-27T15:35:33.115589+00:00,803,480,242,10
2026-07-27T17:27:46.927774+00:00,804,481,242,10
2026-07-27T19:08:45.149330+00:00,804,481,242,10
2026-07-27T21:00:31.776761+00:00,804,481,242,10
2026-07-27T22:49:32.605705+00:00,804,481,242,10
2026-07-27T23:53:43.118230+00:00,804,481,242,10
2026-07-28T01:22:58.142420+00:00,804,481,242,10
2026-07-28T04:52:21.280773+00:00,804,481,242,10
2026-07-28T07:30:30.601078+00:00,804,481,242,10
2026-07-28T10:21:34.209920+00:00,786,479,228,8
2026-07-28T12:29:15.398878+00:00,801,484,232,14
2026-07-28T15:09:59.595892+00:00,797,480,225,21
2026-07-28T17:16:18.096099+00:00,795,476,226,21
2026-07-28T19:04:01.061532+00:00,795,476,226,21
2026-07-28T20:56:51.399475+00:00,795,476,226,21
2026-07-28T21:56:39.321153+00:00,795,476,226,21
2026-07-28T22:52:12.496043+00:00,795,476,226,21
2026-07-28T23:49:01.837199+00:00,795,476,226,21
2026-07-29T01:23:40.311691+00:00,795,476,226,21
2026-07-29T04:57:16.209183+00:00,795,476,226,21
2026-07-29T07:38:58.116616+00:00,795,476,226,21
2026-07-29T10:27:09.061657+00:00,787,474,229,16
2026-07-29T12:54:10.428806+00:00,799,482,232,16
2026-07-29T15:03:14.754666+00:00,802,477,240,16
2026-07-29T17:02:11.247276+00:00,789,476,237,8
2026-07-29T18:52:32.634197+00:00,789,476,237,8
2026-07-29T20:06:47.149531+00:00,789,476,237,8
2026-07-29T21:45:31.925870+00:00,789,476,237,8
2026-07-29T22:46:36.742802+00:00,789,476,237,8
2026-07-29T23:51:35.410413+00:00,789,476,237,8
2026-07-30T01:16:58.784170+00:00,789,476,237,8
2026-07-30T04:45:43.376318+00:00,789,476,237,8
2026-07-30T07:25:53.713533+00:00,789,476,237,8
2026-07-30T10:10:23.613992+00:00,780,476,233,8
2026-07-30T12:21:49.527041+00:00,784,476,237,8
2026-07-30T15:00:31.628152+00:00,780,476,233,8
2026-07-30T17:12:51.749960+00:00,780,476,233,8
2026-07-30T19:06:34.540259+00:00,780,476,233,8
2026-07-30T20:53:47.264692+00:00,780,476,233,8
2026-07-30T21:57:36.386074+00:00,780,476,233,8
2026-07-30T23:00:05.788090+00:00,780,476,233,8
2026-07-31T00:03:00.785552+00:00,780,476,233,8
2026-07-31T04:15:28.724961+00:00,780,476,233,8
2026-07-31T07:44:06.824916+00:00,780,476,233,8
2026-07-31T10:26:44.219164+00:00,755,475,213,7
2026-07-31T12:49:57.857397+00:00,755,475,214,7
2026-07-31T15:12:04.985130+00:00,767,475,225,7
2026-07-31T17:16:35.243459+00:00,767,478,222,8
2026-07-31T19:05:22.554846+00:00,767,478,222,8
2026-07-31T20:51:26.139657+00:00,767,478,222,8
2026-07-31T21:55:44.744648+00:00,767,478,222,8
2026-07-31T22:50:26.451086+00:00,767,478,222,8
2026-07-31T23:52:02.527951+00:00,767,478,222,8
2026-08-01T01:44:10.713753+00:00,767,478,222,8
2026-08-01T05:16:38.621704+00:00,767,478,222,8
2026-08-01T08:00:09.278562+00:00,767,478,222,8
2026-08-01T10:02:52.928979+00:00,740,467,205,8
2026-08-01T11:54:24.239981+00:00,747,470,209,8
2026-08-01T12:52:04.702440+00:00,737,466,203,8
2026-08-01T14:20:28.614098+00:00,742,469,204,8
2026-08-01T15:51:05.469251+00:00,744,473,202,8
2026-08-01T16:45:21.494974+00:00,742,471,202,8
2026-08-01T17:50:22.131233+00:00,737,467,201,8
2026-08-01T18:51:21.952504+00:00,737,467,201,8
2026-08-01T20:04:00.073436+00:00,737,467,201,8
2026-08-01T21:42:43.902063+00:00,737,467,201,8
2026-08-01T22:42:51.534123+00:00,737,467,201,8
2026-08-01T23:46:01.692269+00:00,737,467,201,8
2026-08-02T01:29:24.052186+00:00,737,467,201,8
2026-08-02T05:14:58.828987+00:00,737,467,201,8
2026-08-02T08:01:56.430750+00:00,734,465,199,9
2026-08-02T10:24:06.665556+00:00,737,467,200,9
2026-08-02T11:52:15.723445+00:00,736,466,200,9
2026-08-02T12:54:16.302027+00:00,733,464,199,9
2026-08-02T14:22:21.690517+00:00,727,463,194,9
2026-08-02T15:51:27.183278+00:00,731,464,196,9
2026-08-02T16:44:05.123556+00:00,735,467,197,9
2026-08-02T17:51:36.068994+00:00,743,474,198,9
2026-08-02T18:51:45.760561+00:00,743,474,198,9
2026-08-02T20:04:14.413638+00:00,743,474,198,9
2026-08-02T21:43:10.805009+00:00,743,474,198,9
2026-08-02T22:43:47.379298+00:00,743,474,198,9
2026-08-02T23:48:16.740969+00:00,743,474,198,9
2026-08-03T01:30:10.226324+00:00,743,474,198,9
2026-08-03T05:29:13.226538+00:00,743,474,198,9
2026-08-03T08:58:55.805527+00:00,728,468,191,9
2026-08-03T12:19:02.318861+00:00,762,494,207,3
2026-08-03T15:36:02.132467+00:00,777,492,221,3
2026-08-03T17:45:05.991892+00:00,787,498,224,3
2026-08-03T19:16:18.356656+00:00,787,498,224,3
2026-08-03T20:53:19.884085+00:00,787,498,224,3
2026-08-03T21:57:03.375886+00:00,787,498,224,3
2026-08-03T22:54:39.516900+00:00,787,498,224,3
2026-08-03T23:58:19.957931+00:00,787,498,224,3
2026-08-04T02:08:44.733313+00:00,787,498,224,3
2026-08-04T05:37:12.241350+00:00,787,498,224,3
2026-08-04T08:15:02.606128+00:00,769,491,214,3
2026-08-04T11:13:42.022196+00:00,770,491,214,2
2026-08-04T13:42:26.923921+00:00,770,492,213,2
2026-08-04T16:04:45.120270+00:00,759,487,206,3
2026-08-04T18:21:35.626512+00:00,752,486,201,2
2026-08-04T20:16:58.889593+00:00,752,486,201,2
2026-08-04T22:01:54.119232+00:00,752,486,201,2
2026-08-04T23:53:09.382518+00:00,752,486,201,2
2026-08-05T01:24:06.032277+00:00,752,486,201,2
2026-08-05T04:53:03.256704+00:00,752,486,201,2
2026-08-05T07:31:05.741090+00:00,752,486,201,2
2026-08-05T10:22:26.392236+00:00,750,486,199,2
2026-08-05T12:46:16.940034+00:00,777,505,206,3
2026-08-05T15:06:47.457102+00:00,784,505,201,15
2026-08-05T17:17:23.287419+00:00,793,510,202,17
2026-08-05T19:11:10.109818+00:00,793,510,202,17
2026-08-05T20:55:20.433118+00:00,793,510,202,17
2026-08-05T22:04:19.709651+00:00,793,510,202,17
2026-08-05T23:45:45.102305+00:00,793,510,202,17
2026-08-06T01:21:33.445289+00:00,793,510,202,17
2026-08-06T04:53:39.050223+00:00,793,510,202,17
2026-08-06T07:31:19.745843+00:00,793,510,202,17
2026-08-06T10:24:35.393918+00:00,790,501,208,15
2026-08-06T12:49:00.423877+00:00,783,495,207,15
2026-08-06T15:04:58.682145+00:00,779,492,206,15
2026-08-06T23:47:45.323004+00:00,773,493,200,15
2026-08-07T02:01:23.642456+00:00,773,493,200,15
2026-08-07T04:45:56.802477+00:00,773,493,200,15
2026-08-07T06:03:45.358032+00:00,773,493,200,15
2026-08-07T08:04:36.905332+00:00,757,485,192,15
2026-08-07T09:48:52.231517+00:00,757,485,192,15
2026-08-07T10:40:53.903572+00:00,758,485,193,15
2026-08-07T11:36:50.526611+00:00,756,485,191,15
2026-08-07T12:36:43.919402+00:00,763,489,194,15
2026-08-07T14:04:01.277781+00:00,772,497,194,13
2026-08-07T15:42:32.903442+00:00,786,507,196,13
2026-08-07T16:40:03.355209+00:00,785,507,195,13
2026-08-07T17:38:58.437250+00:00,787,503,200,13
2026-08-07T18:37:21.742268+00:00,787,503,200,13
2026-08-07T19:42:37.628692+00:00,787,503,200,13
2026-08-07T20:27:32.381641+00:00,787,503,200,13
2026-08-07T21:27:05.405674+00:00,787,503,200,13
2026-08-07T22:23:26.823081+00:00,787,503,200,13
2026-08-07T23:23:22.949378+00:00,787,503,200,13
2026-08-08T00:44:19.023615+00:00,787,503,200,13
2026-08-08T02:48:32.759601+00:00,787,503,200,13
2026-08-08T04:02:45.276070+00:00,787,503,200,13
2026-08-08T05:33:56.408576+00:00,787,503,200,13
2026-08-08T06:31:16.002396+00:00,787,503,200,13
2026-08-08T07:39:55.269428+00:00,787,503,200,13
2026-08-08T08:26:11.591045+00:00,787,502,201,13
2026-08-08T09:25:51.424360+00:00,788,502,201,13
2026-08-08T10:19:33.830848+00:00,787,503,199,13
2026-08-08T11:19:01.424740+00:00,788,502,201,13
2026-08-08T12:22:06.861349+00:00,788,502,201,13
2026-08-08T13:36:46.277980+00:00,790,505,200,13
2026-08-08T14:21:52.684820+00:00,789,505,199,13
2026-08-08T15:17:56.850483+00:00,797,510,202,13
2026-08-08T16:18:26.733014+00:00,796,512,200,13
2026-08-08T17:19:38.643056+00:00,799,514,202,13
2026-08-08T18:20:12.935943+00:00,799,514,202,13
2026-08-08T19:20:22.747321+00:00,799,514,202,13
2026-08-08T20:15:48.811363+00:00,799,514,202,13
2026-08-08T21:18:30.558419+00:00,799,514,202,13
2026-08-08T22:15:48.136878+00:00,799,514,202,13
2026-08-08T23:16:43.609285+00:00,799,514,202,13
2026-08-09T00:47:33.266490+00:00,799,514,202,13
2026-08-09T02:55:45.021459+00:00,799,514,202,13
2026-08-09T04:09:46.191463+00:00,799,514,202,13
2026-08-09T05:39:30.771076+00:00,799,514,202,13
2026-08-09T06:35:42.478520+00:00,799,514,202,13
2026-08-09T07:43:31.217375+00:00,799,514,202,13
2026-08-09T08:28:21.303177+00:00,787,505,197,13
2026-08-09T09:27:44.928571+00:00,790,505,198,13
2026-08-09T10:21:10.127359+00:00,794,507,200,13
2026-08-09T11:19:18.406429+00:00,792,505,200,13
2026-08-09T12:24:38.414999+00:00,792,505,200,13
2026-08-09T13:40:08.243725+00:00,804,513,203,13
2026-08-09T14:23:11.186118+00:00,804,513,203,13
2026-08-09T15:19:45.570306+00:00,810,515,207,13
2026-08-09T16:19:52.537074+00:00,813,516,209,13
2026-08-09T17:20:35.430155+00:00,815,517,209,13
2026-08-09T18:22:10.422032+00:00,815,517,209,13
2026-08-09T19:23:51.190329+00:00,815,517,209,13
2026-08-09T20:18:12.464948+00:00,815,517,209,13
2026-08-09T21:20:25.084274+00:00,815,517,209,13
2026-08-09T22:17:43.679293+00:00,815,517,209,13
2026-08-09T23:19:01.387416+00:00,815,517,209,13
2026-08-10T00:50:14.729887+00:00,815,517,209,13
2026-08-10T03:05:17.774548+00:00,815,517,209,13
2026-08-10T05:14:35.066032+00:00,815,517,209,13
2026-08-10T07:06:08.470730+00:00,815,517,209,13
2026-08-10T09:04:49.693207+00:00,802,509,204,14
2026-08-10T10:55:51.277201+00:00,805,506,203,21
2026-08-10T11:41:48.923380+00:00,817,512,206,25
2026-08-10T12:40:42.423700+00:00,817,512,208,23
2026-08-10T14:10:50.475694+00:00,824,515,211,24
2026-08-10T15:47:55.956997+00:00,819,512,211,25
2026-08-10T16:41:00.205285+00:00,819,513,210,25
2026-08-10T17:42:20.437847+00:00,810,509,205,25
2026-08-10T18:40:17.237974+00:00,810,509,205,25
2026-08-10T19:46:16.090271+00:00,810,509,205,25
2026-08-10T20:29:43.175252+00:00,810,509,205,25
2026-08-10T21:30:27.888135+00:00,810,509,205,25
2026-08-10T22:25:05.657500+00:00,810,509,205,25
2026-08-10T23:24:03.642165+00:00,810,509,205,25
2026-08-11T00:49:46.485966+00:00,810,509,205,25
2026-08-11T02:58:20.435042+00:00,810,509,205,25
2026-08-11T04:16:41.709243+00:00,810,509,205,25
2026-08-11T05:45:19.386461+00:00,810,509,205,25
2026-08-11T06:44:14.353004+00:00,810,509,205,25
2026-08-11T08:01:19.304719+00:00,813,509,210,25
2026-08-11T09:48:34.022588+00:00,809,506,211,23
2026-08-11T10:40:36.050043+00:00,813,509,212,23
2026-08-11T11:35:55.432556+00:00,819,510,219,23
2026-08-11T12:37:55.209328+00:00,820,509,221,23
2026-08-11T14:10:30.110255+00:00,826,512,224,23
2026-08-11T15:47:32.182567+00:00,835,518,228,22
2026-08-11T16:44:28.715960+00:00,840,523,229,21
2026-08-11T17:47:09.084566+00:00,846,529,229,21
2026-08-11T18:43:54.062531+00:00,846,529,229,21
2026-08-11T19:53:13.005519+00:00,846,529,229,21
2026-08-11T20:32:48.778236+00:00,846,529,229,21
2026-08-11T21:33:48.133052+00:00,846,529,229,21
2026-08-11T22:30:09.754600+00:00,846,529,229,21
2026-08-11T23:28:36.794820+00:00,846,529,229,21
2026-08-12T00:56:37.271502+00:00,846,529,229,21
2026-08-12T03:19:28.029286+00:00,846,529,229,21
2026-08-12T05:22:44.275401+00:00,846,529,229,21
2026-08-12T07:05:01.984543+00:00,846,529,229,21
2026-08-12T08:59:02.379925+00:00,799,506,213,15
2026-08-12T10:01:27.507631+00:00,806,511,215,15
2026-08-12T11:37:56.283843+00:00,806,513,213,16
2026-08-12T12:40:28.282378+00:00,818,517,215,22
2026-08-12T14:11:39.577829+00:00,823,524,217,17
2026-08-12T15:48:18.745572+00:00,829,527,220,17
2026-08-12T16:44:28.130668+00:00,830,527,221,17
2026-08-12T17:48:47.834823+00:00,828,530,218,18
2026-08-12T18:44:59.011493+00:00,828,530,218,18
2026-08-12T19:55:03.672830+00:00,828,530,218,18
2026-08-12T20:31:07.400428+00:00,828,530,218,18
2026-08-12T21:33:23.383538+00:00,828,530,218,18
2026-08-12T22:28:21.554728+00:00,828,530,218,18
2026-08-12T23:29:08.371117+00:00,828,530,218,18
2026-08-13T00:58:21.414933+00:00,828,530,218,18
2026-08-13T03:24:56.557620+00:00,828,530,218,18
2026-08-13T05:26:14.957107+00:00,828,530,218,18
2026-08-13T07:08:48.090576+00:00,828,530,218,18
2026-08-13T09:00:52.013483+00:00,810,517,212,18
2026-08-13T10:50:47.811520+00:00,810,517,212,18
2026-08-13T11:37:42.187049+00:00,811,520,210,18
2026-08-13T12:41:34.474730+00:00,813,519,212,18
2026-08-13T14:13:37.397327+00:00,826,531,213,18
2026-08-13T15:47:04.538264+00:00,824,528,213,19
2026-08-13T16:43:05.918339+00:00,823,527,213,19
2026-08-13T17:48:02.909611+00:00,815,523,209,19
2026-08-13T18:45:10.121710+00:00,815,523,209,19
2026-08-13T19:50:10.931053+00:00,815,523,209,19
2026-08-13T20:28:39.662675+00:00,815,523,209,19
2026-08-13T21:33:19.227898+00:00,815,523,209,19
2026-08-13T22:29:34.071375+00:00,815,523,209,19
2026-08-13T23:29:54.554159+00:00,815,523,209,19
2026-08-14T00:57:38.256256+00:00,815,523,209,19
2026-08-14T03:21:39.329116+00:00,815,523,209,19
2026-08-14T05:23:00.803963+00:00,815,523,209,19
2026-08-14T07:05:03.158235+00:00,815,523,209,19
2026-08-14T08:55:57.311865+00:00,798,519,201,16
2026-08-14T09:51:10.800419+00:00,794,519,197,16
2026-08-14T10:46:56.897597+00:00,792,517,197,16
2026-08-14T11:35:33.326029+00:00,790,517,198,12
2026-08-14T12:37:20.192708+00:00,792,518,199,12
2026-08-14T14:07:10.764275+00:00,795,523,199,11
2026-08-14T15:40:14.355197+00:00,790,518,198,12
2026-08-14T16:39:02.870956+00:00,793,521,197,13
2026-08-14T17:43:22.160090+00:00,799,523,201,13
2026-08-14T18:38:53.845925+00:00,799,523,201,13
2026-08-14T19:41:00.864420+00:00,799,523,201,13
2026-08-14T20:20:24.349961+00:00,799,523,201,13
2026-08-14T21:14:26.162499+00:00,799,523,201,13
2026-08-14T22:10:53.915674+00:00,799,523,201,13
2026-08-14T23:11:01.732665+00:00,799,523,201,13
2026-08-15T00:33:34.069005+00:00,799,523,201,13
2026-08-15T02:06:46.881614+00:00,799,523,201,13
2026-08-15T03:32:11.084356+00:00,799,523,201,13
2026-08-15T04:18:37.680204+00:00,799,523,201,13
2026-08-15T05:15:00.295106+00:00,799,523,201,13
2026-08-15T06:17:55.405465+00:00,799,523,201,13
2026-08-15T07:21:09.708312+00:00,799,523,201,13
2026-08-15T08:14:13.743130+00:00,785,519,197,13
2026-08-15T09:15:14.554020+00:00,787,520,198,13
2026-08-15T10:11:05.663606+00:00,787,521,197,13
2026-08-15T11:09:16.046708+00:00,792,522,201,13
2026-08-15T12:14:21.380504+00:00,792,522,201,13
2026-08-15T13:21:47.122498+00:00,794,521,204,13
2026-08-15T14:11:14.039683+00:00,792,519,203,13
2026-08-15T15:09:21.736624+00:00,802,525,203,17
2026-08-15T16:10:48.906018+00:00,799,523,203,17
2026-08-15T17:11:05.255578+00:00,802,520,209,17
2026-08-15T18:11:51.286529+00:00,802,520,209,17
2026-08-15T19:13:22.695376+00:00,802,520,209,17
2026-08-15T20:09:06.369268+00:00,802,520,209,17
2026-08-15T21:10:21.958882+00:00,802,520,209,17
2026-08-15T22:08:49.924849+00:00,802,520,209,17
2026-08-15T23:09:28.974805+00:00,802,520,209,17
2026-08-16T00:34:38.775221+00:00,802,520,209,17
2026-08-16T02:14:34.793517+00:00,802,520,209,17
2026-08-16T03:38:31.914787+00:00,802,520,209,17
2026-08-16T04:24:06.467733+00:00,802,520,209,17
2026-08-16T05:17:40.205628+00:00,802,520,209,17
2026-08-16T06:19:54.125741+00:00,802,520,209,17
2026-08-16T07:22:04.055083+00:00,802,520,209,17
2026-08-16T08:15:07.315870+00:00,789,509,208,17
2026-08-16T09:15:38.893868+00:00,788,510,208,15
2026-08-16T10:11:24.748024+00:00,787,510,207,15
2026-08-16T11:10:18.456987+00:00,789,511,208,15
2026-08-16T12:15:31.348496+00:00,789,511,208,15
2026-08-16T13:23:09.300363+00:00,786,508,208,15
2026-08-16T14:12:09.983924+00:00,791,507,213,15
2026-08-16T15:10:28.855670+00:00,788,505,209,15
2026-08-16T16:11:02.294848+00:00,790,507,207,16
2026-08-16T17:10:17.721235+00:00,793,507,210,16
2026-08-16T18:11:52.139755+00:00,793,507,210,16
2026-08-16T19:12:23.121740+00:00,793,507,210,16
2026-08-16T20:09:04.592184+00:00,793,507,210,16
2026-08-16T21:09:49.387992+00:00,793,507,210,16
2026-08-16T22:08:36.832863+00:00,793,507,210,16
2026-08-16T23:09:13.679417+00:00,793,507,210,16
2026-08-17T00:33:07.074543+00:00,793,507,210,16
2026-08-17T02:12:05.193486+00:00,793,507,210,16
2026-08-17T03:39:33.196687+00:00,793,507,210,16
2026-08-17T04:30:12.151834+00:00,793,507,210,16
2026-08-17T05:25:32.404640+00:00,793,507,210,16
2026-08-17T06:30:08.946301+00:00,793,507,210,16
2026-08-17T07:42:09.892524+00:00,793,507,210,16
2026-08-17T08:29:22.302273+00:00,782,498,206,16
2026-08-17T09:28:24.340947+00:00,786,500,204,20
2026-08-17T10:19:39.285641+00:00,790,496,206,26
2026-08-17T11:15:11.437707+00:00,797,501,208,26
2026-08-17T12:18:52.244121+00:00,829,508,227,32
2026-08-17T13:31:14.855532+00:00,835,513,225,33
2026-08-17T14:16:25.912077+00:00,828,514,221,28
2026-08-17T15:14:35.975691+00:00,857,529,229,33
2026-08-17T16:13:21.653814+00:00,862,530,232,34
2026-08-17T17:15:44.955625+00:00,867,530,232,39
2026-08-17T18:20:55.677297+00:00,867,530,232,39
2026-08-17T19:19:32.273148+00:00,867,530,232,39
2026-08-17T20:13:25.655610+00:00,867,530,232,39
2026-08-17T21:15:13.977806+00:00,867,530,232,39
2026-08-17T22:11:50.232095+00:00,867,530,232,39
2026-08-17T23:12:02.473234+00:00,867,530,232,39
2026-08-18T00:33:08.822612+00:00,867,530,232,39
2026-08-18T02:08:36.632722+00:00,867,530,232,39
2026-08-18T03:34:44.502673+00:00,867,530,232,39
2026-08-18T04:23:52.364421+00:00,867,530,232,39
2026-08-18T05:18:38.452961+00:00,867,530,232,39
2026-08-18T06:22:35.768484+00:00,867,530,232,39
2026-08-18T07:27:53.873391+00:00,867,530,232,39
2026-08-18T08:21:12.945180+00:00,866,531,220,50
2026-08-18T09:20:25.151557+00:00,860,527,220,50
2026-08-18T10:16:00.214025+00:00,859,528,218,50
2026-08-18T11:14:20.740069+00:00,869,527,224,53
2026-08-18T12:20:55.474070+00:00,873,527,228,52
2026-08-18T13:34:32.469951+00:00,878,532,228,52
2026-08-18T14:20:48.886362+00:00,876,528,229,52
2026-08-18T15:19:52.707211+00:00,877,531,230,48
2026-08-18T16:17:37.375226+00:00,874,530,226,48
2026-08-18T17:16:56.527997+00:00,872,530,224,47
2026-08-18T18:19:45.600600+00:00,872,530,224,47
2026-08-18T19:20:00.168763+00:00,872,530,224,47
2026-08-18T20:10:40.631940+00:00,872,530,224,47
2026-08-18T21:12:41.659417+00:00,872,530,224,47
2026-08-18T22:10:26.992963+00:00,872,530,224,47
2026-08-18T23:11:32.686879+00:00,872,530,224,47
2026-08-19T00:33:23.324934+00:00,872,530,224,47
2026-08-19T02:10:36.496200+00:00,872,530,224,47
2026-08-19T03:36:59.352700+00:00,872,530,224,47
2026-08-19T04:25:19.039558+00:00,872,530,224,47
2026-08-19T05:19:30.764120+00:00,872,530,224,47
2026-08-19T06:23:06.648607+00:00,872,530,224,47
2026-08-19T07:29:20.530670+00:00,872,530,224,47
2026-08-19T08:22:08.134080+00:00,872,534,220,45
2026-08-19T09:22:03.743142+00:00,872,535,219,45
2026-08-19T10:16:45.924429+00:00,869,534,217,45
2026-08-19T11:14:11.490178+00:00,873,534,221,44
2026-08-19T12:20:04.886203+00:00,886,547,220,44
2026-08-19T13:35:42.258955+00:00,888,549,216,48
2026-08-19T14:21:34.519007+00:00,895,552,218,49
2026-08-19T15:19:34.772712+00:00,915,563,226,49
2026-08-19T16:17:20.955613+00:00,910,559,225,49
2026-08-19T17:16:13.909710+00:00,905,559,221,48
2026-08-19T18:16:52.385527+00:00,905,559,221,48
2026-08-19T19:16:57.332946+00:00,905,559,221,48
2026-08-19T20:13:50.236224+00:00,905,559,221,48
2026-08-19T21:14:57.225269+00:00,905,559,221,48
2026-08-19T22:12:35.542242+00:00,905,559,221,48
2026-08-19T23:12:45.091266+00:00,905,559,221,48
2026-08-20T00:33:04.091517+00:00,905,559,221,48
2026-08-20T02:10:01.536226+00:00,905,559,221,48
2026-08-20T03:37:02.533889+00:00,905,559,221,48
2026-08-20T04:25:03.945072+00:00,905,559,221,48
2026-08-20T05:20:45.291637+00:00,905,559,221,48
2026-08-20T06:24:15.544169+00:00,905,559,221,48
2026-08-20T07:31:16.884846+00:00,905,559,221,48
2026-08-20T08:23:20.832409+00:00,888,546,218,48
2026-08-20T09:22:10.099674+00:00,890,544,217,53
2026-08-20T10:17:43.256233+00:00,890,543,218,53
2026-08-20T11:15:41.776825+00:00,886,541,218,53
2026-08-20T12:22:16.198730+00:00,882,537,219,53
2026-08-20T13:37:24.047757+00:00,884,538,218,53
2026-08-20T14:23:53.515320+00:00,883,537,218,53
2026-08-20T15:22:28.391064+00:00,879,534,218,52
2026-08-20T16:20:11.678955+00:00,883,536,219,53
2026-08-20T17:18:13.540980+00:00,884,536,221,52
2026-08-20T18:20:59.593440+00:00,884,536,221,52
2026-08-20T19:22:25.080424+00:00,884,536,221,52
2026-08-20T20:15:58.443982+00:00,884,536,221,52
2026-08-20T21:16:59.760716+00:00,884,536,221,52
2026-08-20T22:14:44.206715+00:00,884,536,221,52
2026-08-20T23:14:42.833268+00:00,884,536,221,52
2026-08-21T00:35:56.997617+00:00,884,536,221,52
2026-08-21T02:16:29.030785+00:00,884,536,221,52
2026-08-21T03:40:32.805215+00:00,884,536,221,52
2026-08-21T04:27:14.524579+00:00,884,536,221,52
2026-08-21T05:22:15.406115+00:00,884,536,221,52
2026-08-21T06:24:30.432757+00:00,884,536,221,52
2026-08-21T07:33:41.678402+00:00,884,536,221,52
2026-08-21T08:24:27.667903+00:00,881,538,216,52
2026-08-21T09:24:12.428515+00:00,871,534,210,52
2026-08-21T10:18:05.110182+00:00,862,525,210,52
2026-08-21T11:15:08.412416+00:00,866,526,213,52
2026-08-21T12:21:52.563284+00:00,870,527,215,52
2026-08-21T13:36:46.004966+00:00,873,527,218,53
2026-08-21T14:22:55.343791+00:00,874,528,218,53
2026-08-21T15:21:45.344390+00:00,874,527,219,53
2026-08-21T16:18:27.225238+00:00,872,525,221,51
2026-08-21T17:18:03.720681+00:00,868,523,220,50
2026-08-21T18:19:44.878648+00:00,868,523,220,50
2026-08-21T19:18:01.269034+00:00,868,523,220,50
2026-08-21T20:12:35.802364+00:00,868,523,220,50
2026-08-21T21:13:04.255222+00:00,868,523,220,50
2026-08-21T22:11:16.978449+00:00,868,523,220,50
2026-08-21T23:13:00.595340+00:00,868,523,220,50
2026-08-22T00:33:15.407977+00:00,868,523,220,50
2026-08-22T02:07:44.733923+00:00,868,523,220,50
2026-08-22T03:32:26.120650+00:00,868,523,220,50
2026-08-22T04:20:39.846169+00:00,868,523,220,50
2026-08-22T05:16:30.266798+00:00,868,523,220,50
2026-08-22T06:19:07.517521+00:00,868,523,220,50
2026-08-22T07:22:23.835939+00:00,868,523,220,50
2026-08-22T08:15:40.412844+00:00,870,533,215,49
2026-08-22T09:16:16.128582+00:00,871,532,216,50
2026-08-22T10:11:52.777366+00:00,871,533,215,50
2026-08-22T11:10:21.086281+00:00,873,533,217,50
2026-08-22T12:15:35.746620+00:00,873,533,217,50
2026-08-22T13:23:16.560439+00:00,867,529,216,48
2026-08-22T14:10:36.916981+00:00,863,528,213,48
2026-08-22T15:09:51.439337+00:00,855,527,210,44
2026-08-22T16:10:30.439130+00:00,866,531,217,44
2026-08-22T17:10:45.482044+00:00,863,529,216,44
2026-08-22T18:12:23.570200+00:00,863,529,216,44
2026-08-22T19:14:19.052791+00:00,863,529,216,44
2026-08-22T20:10:08.862750+00:00,863,529,216,44
2026-08-22T21:10:58.549026+00:00,863,529,216,44
2026-08-22T22:09:39.660798+00:00,863,529,216,44
2026-08-22T23:09:55.590760+00:00,863,529,216,44
2026-08-23T00:36:17.142329+00:00,863,529,216,44
2026-08-23T02:17:10.537955+00:00,863,529,216,44
2026-08-23T03:40:17.870533+00:00,863,529,216,44
2026-08-23T04:25:42.167955+00:00,863,529,216,44
2026-08-23T05:18:47.825072+00:00,863,529,216,44
2026-08-23T06:20:37.423211+00:00,863,529,216,44
2026-08-23T07:24:13.205675+00:00,863,529,216,44
2026-08-23T08:16:05.388100+00:00,867,529,219,45
2026-08-23T09:16:51.115340+00:00,866,527,220,45
2026-08-23T10:11:42.879341+00:00,867,527,220,46
2026-08-23T11:11:15.939542+00:00,867,527,220,46
2026-08-23T12:15:38.477430+00:00,867,527,220,46
2026-08-23T13:23:48.792162+00:00,866,528,218,46
2026-08-23T14:12:34.299637+00:00,868,528,220,46
2026-08-23T15:11:14.327608+00:00,869,527,222,46
2026-08-23T16:11:32.725962+00:00,875,529,225,46
2026-08-23T17:11:09.863207+00:00,874,528,225,46
2026-08-23T18:12:57.556318+00:00,874,528,225,46
2026-08-23T19:13:59.774993+00:00,874,528,225,46
2026-08-23T20:09:26.877445+00:00,874,528,225,46
2026-08-23T21:10:56.966464+00:00,874,528,225,46
2026-08-23T22:09:38.750002+00:00,874,528,225,46
2026-08-23T23:10:10.676002+00:00,874,528,225,46
2026-08-24T00:34:57.908142+00:00,874,528,225,46
2026-08-24T02:15:40.743541+00:00,874,528,225,46
2026-08-24T03:43:14.620204+00:00,874,528,225,46
2026-08-24T04:33:43.683983+00:00,874,528,225,46
2026-08-24T05:28:18.674382+00:00,874,528,225,46
2026-08-24T06:33:26.986633+00:00,874,528,225,46
2026-08-24T07:48:21.058833+00:00,874,528,225,46
2026-08-24T08:34:50.989366+00:00,857,522,216,48
2026-08-24T09:35:05.908109+00:00,868,529,220,48
2026-08-24T10:26:02.534377+00:00,869,533,219,48
2026-08-24T11:16:42.895737+00:00,867,531,220,48
2026-08-24T12:22:35.711889+00:00,873,534,222,49
2026-08-24T13:41:13.781830+00:00,878,539,223,49
2026-08-24T14:30:37.675257+00:00,889,543,230,49
2026-08-24T15:27:53.528035+00:00,910,546,245,50
2026-08-24T16:21:56.811529+00:00,918,549,252,48
2026-08-24T17:20:33.994784+00:00,912,547,249,48
2026-08-24T18:22:12.875223+00:00,912,547,249,48
2026-08-24T19:20:52.157346+00:00,912,547,249,48
2026-08-24T20:17:03.547840+00:00,912,547,249,48
2026-08-24T21:17:56.121322+00:00,912,547,249,48
2026-08-24T22:13:50.990804+00:00,912,547,249,48
2026-08-24T23:12:49.137077+00:00,912,547,249,48
2026-08-25T00:34:26.797584+00:00,912,547,249,48
2026-08-25T02:11:22.800200+00:00,912,547,249,48
2026-08-25T03:38:38.419131+00:00,912,547,249,48
2026-08-25T04:27:49.971337+00:00,912,547,249,48
2026-08-25T05:22:02.123605+00:00,912,547,249,48
2026-08-25T06:25:06.267191+00:00,912,547,249,48
2026-08-25T07:35:01.321381+00:00,912,547,249,48
2026-08-25T08:28:09.740520+00:00,879,535,230,47
2026-08-25T09:23:03.901920+00:00,882,537,231,47
2026-08-25T10:19:45.554837+00:00,890,541,234,47
2026-08-25T11:16:01.338710+00:00,900,544,240,48
2026-08-25T12:23:20.693574+00:00,913,548,247,49
2026-08-25T13:39:23.298192+00:00,924,550,248,56
2026-08-25T14:33:31.806752+00:00,927,555,245,56
2026-08-25T15:32:07.026264+00:00,936,562,246,57
2026-08-25T16:22:38.559925+00:00,947,568,250,57
2026-08-25T17:21:40.962078+00:00,946,568,250,56
2026-08-25T18:21:47.678521+00:00,946,568,250,56
2026-08-25T19:21:56.581408+00:00,946,568,250,56
2026-08-25T20:15:29.366414+00:00,946,568,250,56
2026-08-25T21:16:24.334842+00:00,946,568,250,56
2026-08-25T22:13:51.898091+00:00,946,568,250,56
2026-08-25T23:15:21.817441+00:00,946,568,250,56
2026-08-26T00:35:16.062832+00:00,946,568,250,56
2026-08-26T02:17:46.135647+00:00,946,568,250,56
2026-08-26T03:43:16.728825+00:00,946,568,250,56
2026-08-26T04:28:50.443569+00:00,946,568,250,56
2026-08-26T05:22:16.517894+00:00,946,568,250,56
2026-08-26T06:26:52.205572+00:00,946,568,250,56
2026-08-26T07:36:22.845588+00:00,946,568,250,56
2026-08-26T08:28:34.310145+00:00,946,565,248,60
2026-08-26T09:29:03.301807+00:00,945,562,250,60
2026-08-26T10:22:59.019954+00:00,943,560,249,61
2026-08-26T11:18:34.871842+00:00,945,559,252,61
2026-08-26T12:25:16.916610+00:00,945,561,250,61
2026-08-26T13:43:50.218534+00:00,951,562,250,65
2026-08-26T14:33:20.477191+00:00,949,558,251,65
2026-08-26T16:08:05.097646+00:00,960,558,262,65
2026-08-26T18:46:09.208098+00:00,951,554,257,65
2026-08-26T21:25:13.425689+00:00,951,554,257,65
2026-08-27T02:21:28.763245+00:00,951,554,257,65
2026-08-27T13:15:14.273671+00:00,940,557,246,62
2026-08-27T23:18:53.368796+00:00,931,556,241,60
2026-08-28T07:25:40.542021+00:00,931,556,241,60
2026-08-28T19:43:11.946965+00:00,925,559,229,60
